{
  "metadata": {
    "panel": "+X",
    "stage": 1,
    "model_name": "ARIMAX(2,0,1)",
    "timestamp": 1762698755,
    "feature_columns": [
      "Power_lag1",
      "Power_lag2",
      "Power_lag3",
      "Power_lag6",
      "Power_lag12"
    ],
    "MAE": 120055.01929248702,
    "RMSE": 218872.58892445324,
    "n_val": 606,
    "model_file": null,
    "model_size_kb": 0.0
  },
  "sha256": "43ef2016753fff4fc5075cb0996820adb143d9ca3299d1911dd6616ed530e092"
}