{
  "metadata": {
    "panel": "-Z",
    "stage": 1,
    "model_name": "ARIMAX(2,0,1)",
    "timestamp": 1762698757,
    "feature_columns": [
      "Power_lag1",
      "Power_lag2",
      "Power_lag3",
      "Power_lag6",
      "Power_lag12"
    ],
    "MAE": 77813.82420914779,
    "RMSE": 132932.85350405474,
    "n_val": 606,
    "model_file": null,
    "model_size_kb": 0.0
  },
  "sha256": "198fc43440fcec5e5f23c14e55825acfbf9555d6d8de4bb69cadd52eac3c7903"
}