{
  "metadata": {
    "panel": "Y",
    "stage": 1,
    "model_name": "ARIMAX(2,0,1)",
    "timestamp": 1762698753,
    "feature_columns": [
      "Power_lag1",
      "Power_lag2",
      "Power_lag3",
      "Power_lag6",
      "Power_lag12"
    ],
    "MAE": 109768.87162193464,
    "RMSE": 219411.19875371133,
    "n_val": 606,
    "model_file": null,
    "model_size_kb": 0.0
  },
  "sha256": "18955b20238e9b763d24e903ca9fa3b42a5fb6258e330f92453e51e6d9a95ebc"
}