{
  "metadata": {
    "panel": "+X",
    "stage": 1,
    "model_name": "ARIMA(2,0,1)",
    "timestamp": 1762697600,
    "feature_columns": [
      "Power_lag1",
      "Power_lag2",
      "Power_lag3",
      "Power_lag6",
      "Power_lag12"
    ],
    "MAE": 439056.3804369485,
    "RMSE": 645242.3779461064,
    "n_val": 606,
    "model_file": null,
    "model_size_kb": 0.0
  },
  "sha256": "5d6eb6a1deb479724fe56dc2462c062a7de7af973419d2657e0032cc26b994ea"
}