{
  "metadata": {
    "panel": "+Z",
    "stage": 1,
    "model_name": "ARIMAX(2,0,1)",
    "timestamp": 1762698763,
    "feature_columns": [
      "Power_lag1",
      "Power_lag2",
      "Power_lag3",
      "Power_lag6",
      "Power_lag12"
    ],
    "MAE": 23879.992554844328,
    "RMSE": 57612.53305960057,
    "n_val": 606,
    "model_file": null,
    "model_size_kb": 0.0
  },
  "sha256": "a30c3d84344e08581c7155d4b1dedff4e6ad7d6ea4d6e1b6c39b58214181a0ba"
}