{
  "metadata": {
    "panel": "-Z",
    "stage": 1,
    "model_name": "NaivePersistence",
    "timestamp": 1762697187,
    "feature_columns": [
      "Power_lag1",
      "Power_lag2",
      "Power_lag3",
      "Power_lag6",
      "Power_lag12"
    ],
    "MAE": 68963.43945049505,
    "RMSE": 129366.94484754227,
    "n_val": 606,
    "model_file": null,
    "model_size_kb": 0.0
  },
  "sha256": "54d833d574bfd59cab1ccdf40800d812734263ac288ee41b88aac6cd40907d89"
}