panel,LightGBM,RandomForest,XGBoost
+X,58166.46640898473,56323.102276417805,55826.14589933236
+Z,26616.67320931112,19286.87919941552,22320.410189160477
-X,40772.632752866186,44054.502628028014,43034.662126324
-Z,52028.15256704869,54956.83150193385,52389.614074022786
Y,59651.18505051024,53287.61417921994,58806.0231556009
