Panel,"ARIMA(2,0,1)",ElasticNet,ExtraTrees,LightGBM,RandomForest,XGBoost
+X,439056.3804369485,75122.76513618509,71124.69883723585,74351.38607812443,69545.93943971228,75898.76288496375
+Z,86997.32436877664,17880.35489826392,16061.253776352896,18168.704542742274,16768.95300564425,16984.98038899546
-X,295228.1426780165,51604.82824790226,48017.757562616425,47823.013750320795,43264.860451046414,52263.43724349167
-Z,302047.0654685753,67788.78608169215,56768.92935190277,58917.25911289258,56903.47332749368,59185.00545413282
Y,381595.82888839534,68503.04686017096,70803.83328262033,71846.10540385499,66568.29938877776,77638.41222919922
