Panel,"ARIMA(2,0,1)",LightGBM,Naive,RandomForest
+X,439056.3804369485,74351.38607812443,101792.3740191419,69545.93943971228
+Z,86997.32436877664,18168.704542742274,17062.0573140264,16768.95300564425
-X,295228.1426780165,47823.013750320795,66004.37384933993,43264.860451046414
-Z,302047.0654685753,58917.25911289258,68963.43945049505,56903.47332749368
Y,381595.82888839534,71846.10540385499,98494.95625511551,66568.29938877776
